<?xml version="1.0"?>
<!--
/**
 * Magestore
 * 
 * NOTICE OF LICENSE
 * 
 * This source file is subject to the Magestore.com license that is
 * available through the world-wide-web at this URL:
 * http://www.magestore.com/license-agreement.html
 * 
 * DISCLAIMER
 * 
 * Do not edit or add to this file if you wish to upgrade this extension to newer
 * version in the future.
 * 
 * @category    Magestore
 * @package     Magestore_RewardPointsReport
 * @copyright   Copyright (c) 2012 Magestore (http://www.magestore.com/)
 * @license     http://www.magestore.com/license-agreement.html
 */
-->
<config>
    <modules>
        <Magestore_RewardPointsReport>
            <active>true</active>
            <codePool>local</codePool>
            <depends>
                <Magestore_RewardPoints />
            </depends>
        </Magestore_RewardPointsReport>
    </modules>
</config>
